{"app":["/app-dd87fef60a43117ea566.js"],"component---src-pages-404-js":["/component---src-pages-404-js-59961f336dc270176db2.js"],"component---src-pages-checkout-js":["/component---src-pages-checkout-js-705d925f847a1de4c1f7.js"],"component---src-pages-index-js":["/component---src-pages-index-js-91aade5fc6183c09132f.js"],"component---src-pages-page-2-js":["/component---src-pages-page-2-js-c4cd2ba68b408af8fec1.js"],"component---src-pages-shoping-cart-js":["/component---src-pages-shoping-cart-js-07058258fbc2a28f6132.js"],"component---src-pages-using-typescript-tsx":["/component---src-pages-using-typescript-tsx-12158a0baaefdadc24b8.js"]}